{
	"credit": "Made by Brosiah",
	"textures": {
		"1": "./owner.png"
	},
	"elements": [
		{
			"from": [0, 12, 6],
			"to": [4, 24, 10],
			"faces": {
				"north": {"uv": [11, 5, 12, 8], "texture": "#1"},
				"east": {"uv": [10, 5, 11, 8], "texture": "#1"},
				"south": {"uv": [13, 5, 14, 8], "texture": "#1"},
				"west": {"uv": [12, 5, 13, 8], "texture": "#1"},
				"up": {"uv": [12, 5, 11, 4], "texture": "#1"},
				"down": {"uv": [13, 4, 12, 5], "texture": "#1"}
			}
		},
		{
			"from": [4, 0, 6],
			"to": [8, 12, 10],
			"faces": {
				"north": {"uv": [9, 13, 10, 16], "texture": "#1"},
				"east": {"uv": [8, 13, 9, 16], "texture": "#1"},
				"south": {"uv": [11, 13, 12, 16], "texture": "#1"},
				"west": {"uv": [10, 13, 11, 16], "texture": "#1"},
				"up": {"uv": [10, 13, 9, 12], "texture": "#1"},
				"down": {"uv": [11, 12, 10, 13], "texture": "#1"}
			}
		},
		{
			"from": [8, 0, 6],
			"to": [12, 12, 10],
			"faces": {
				"north": {"uv": [9, 13, 10, 16], "texture": "#1"},
				"east": {"uv": [8, 13, 9, 16], "texture": "#1"},
				"south": {"uv": [11, 13, 12, 16], "texture": "#1"},
				"west": {"uv": [10, 13, 11, 16], "texture": "#1"},
				"up": {"uv": [10, 13, 9, 12], "texture": "#1"},
				"down": {"uv": [11, 12, 10, 13], "texture": "#1"}
			}
		},
		{
			"from": [4, 12, 6],
			"to": [12, 24, 10],
			"faces": {
				"north": {"uv": [5, 5, 7, 8], "texture": "#1"},
				"east": {"uv": [4, 5, 5, 8], "texture": "#1"},
				"south": {"uv": [8, 5, 10, 8], "texture": "#1"},
				"west": {"uv": [7, 5, 8, 8], "texture": "#1"},
				"up": {"uv": [7, 5, 5, 4], "texture": "#1"},
				"down": {"uv": [9, 4, 7, 5], "texture": "#1"}
			}
		},
		{
			"from": [12, 20, -2],
			"to": [16, 24, 10],
			"rotation": {"angle": 0, "axis": "x", "origin": [14, 22, 8]},
			"faces": {
				"north": {"uv": [13, 4, 12, 5], "rotation": 180, "texture": "#1"},
				"east": {"uv": [10, 5, 11, 8], "rotation": 270, "texture": "#1"},
				"south": {"uv": [12, 5, 11, 4], "texture": "#1"},
				"west": {"uv": [12, 5, 13, 8], "rotation": 90, "texture": "#1"},
				"up": {"uv": [11, 5, 12, 8], "rotation": 180, "texture": "#1"},
				"down": {"uv": [13, 5, 14, 8], "texture": "#1"}
			}
		},
		{
			"from": [4, 24, 4],
			"to": [12, 32, 12],
			"faces": {
				"north": {"uv": [2, 2, 4, 4], "texture": "#1"},
				"east": {"uv": [0, 2, 2, 4], "texture": "#1"},
				"south": {"uv": [6, 2, 8, 4], "texture": "#1"},
				"west": {"uv": [4, 2, 6, 4], "texture": "#1"},
				"up": {"uv": [4, 2, 2, 0], "texture": "#1"},
				"down": {"uv": [6, 0, 4, 2], "texture": "#1"}
			}
		},
		{
			"from": [13, 19, -3],
			"to": [14, 29, -2],
			"faces": {
				"north": {"uv": [3, 10, 4, 16], "texture": "#1"},
				"east": {"uv": [2, 10, 3, 16], "texture": "#1"},
				"south": {"uv": [3, 10, 4, 16], "texture": "#1"},
				"west": {"uv": [2, 10, 3, 16], "texture": "#1"},
				"up": {"uv": [4, 11, 3, 10], "texture": "#1"},
				"down": {"uv": [3, 11, 2, 12], "texture": "#1"}
			}
		},
		{
			"from": [13, 26, -2],
			"to": [14, 28, -1],
			"faces": {
				"north": {"uv": [0, 9, 1, 8], "texture": "#1"},
				"east": {"uv": [1, 8, 2, 10], "texture": "#1"},
				"south": {"uv": [1, 8, 2, 10], "texture": "#1"},
				"west": {"uv": [1, 8, 2, 10], "texture": "#1"},
				"up": {"uv": [1, 9, 0, 8], "texture": "#1"},
				"down": {"uv": [1, 8, 0, 9], "texture": "#1"}
			}
		},
		{
			"from": [13, 26, -4],
			"to": [14, 28, -3],
			"faces": {
				"north": {"uv": [0, 9, 1, 10], "texture": "#1"},
				"east": {"uv": [1, 8, 2, 10], "texture": "#1"},
				"south": {"uv": [1, 8, 2, 10], "texture": "#1"},
				"west": {"uv": [1, 8, 2, 10], "texture": "#1"},
				"up": {"uv": [1, 9, 0, 8], "texture": "#1"},
				"down": {"uv": [1, 8, 0, 9], "texture": "#1"}
			}
		},
		{
			"from": [13, 24, -5],
			"to": [14, 29, -4],
			"faces": {
				"north": {"uv": [1, 8, 2, 14], "texture": "#1"},
				"east": {"uv": [0, 9, 1, 14], "texture": "#1"},
				"south": {"uv": [1, 9, 2, 14], "texture": "#1"},
				"west": {"uv": [0, 9, 1, 14], "texture": "#1"},
				"up": {"uv": [2, 9, 1, 8], "texture": "#1"},
				"down": {"uv": [2, 8, 1, 9], "texture": "#1"}
			}
		},
		{
			"from": [13, 25, -6],
			"to": [14, 28, -5],
			"faces": {
				"north": {"uv": [1, 8, 2, 9], "texture": "#1"},
				"east": {"uv": [1, 8, 2, 11], "texture": "#1"},
				"south": {"uv": [1, 8, 2, 11], "texture": "#1"},
				"west": {"uv": [1, 8, 2, 11], "texture": "#1"},
				"up": {"uv": [2, 9, 1, 8], "texture": "#1"},
				"down": {"uv": [2, 8, 1, 9], "texture": "#1"}
			}
		},
		{
			"from": [13, 27, -1],
			"to": [14, 28, 0],
			"faces": {
				"north": {"uv": [1, 10, 2, 9], "texture": "#1"},
				"east": {"uv": [1, 9, 2, 10], "texture": "#1"},
				"south": {"uv": [1, 9, 2, 10], "texture": "#1"},
				"west": {"uv": [1, 9, 2, 10], "texture": "#1"},
				"up": {"uv": [2, 10, 1, 9], "texture": "#1"},
				"down": {"uv": [2, 9, 1, 10], "texture": "#1"}
			}
		}
	],
	"display": {
		"thirdperson_righthand": {
			"translation": [0, 0, -1],
			"scale": [0.5, 0.5, 0.5]
		},
		"thirdperson_lefthand": {
			"translation": [0, 0, -1],
			"scale": [0.5, 0.5, 0.5]
		},
		"firstperson_righthand": {
			"translation": [3, 2.25, 0],
			"scale": [0.25, 0.25, 0.25]
		},
		"firstperson_lefthand": {
			"translation": [3, 2.25, 0],
			"scale": [0.25, 0.25, 0.25]
		},
		"ground": {
			"translation": [0, -0.25, 0],
			"scale": [0.5, 0.5, 0.5]
		},
		"gui": {
			"rotation": [0, -180, 0],
			"translation": [0, -4, 0],
			"scale": [0.5, 0.5, 0.5]
		},
		"fixed": {
			"translation": [0, -3.5, 0],
			"scale": [0.5, 0.5, 0.5]
		}
	},
	"groups": [
		0,
		1,
		2,
		3,
		4,
		5,
		{
			"name": "group",
			"origin": [0, 0, 0],
			"color": 0,
			"children": [6, 7, 8, 9, 10, 11]
		}
	]
}